year,emissions_GtCO2
2000,25.511482
2001,25.692994
2002,26.265331999999997
2003,27.652690999999997
2004,28.610023
2005,29.598951
2006,30.594151999999998
2007,31.499256000000003
2008,32.04966
2009,31.513014
2010,33.317672
2011,34.479988
2012,34.954733999999995
2013,35.27582
2014,35.465695
2015,35.403527000000004
2016,35.392832000000006
2017,35.974608999999994
2018,36.734004
2019,37.086566
2020,35.15823
2021,36.866862999999995
2022,37.527773
2023,38.094038999999995
2024,38.598578
